{"cameraMode":{"drawMode":0,"name":"Shaded","section":"Shading Mode"},"sceneLighting":false,"audioPlay":false,"sceneViewState":{"showFog":true,"showMaterialUpdate":false,"showSkybox":false,"showFlares":true,"showImageEffects":true,"showParticleSystems":true},"in2DMode":false,"pivot":{"x":-0.6651864647865295,"y":0.035585373640060428,"z":-0.06237483024597168},"rotation":{"x":-0.07491537928581238,"y":0.341035395860672,"z":-0.027291718870401384,"w":-0.936764121055603},"size":0.7522950172424316,"orthographic":false}