{"cameraMode":{"drawMode":0,"name":"Shaded","section":"Shading Mode"},"sceneLighting":true,"audioPlay":false,"sceneViewState":{"showFog":true,"showMaterialUpdate":false,"showSkybox":true,"showFlares":true,"showImageEffects":true,"showParticleSystems":true},"in2DMode":false,"pivot":{"x":0.07346779108047486,"y":0.7055656313896179,"z":0.08888375759124756},"rotation":{"x":-0.06975244730710983,"y":-0.2266114503145218,"z":-0.01630718819797039,"w":0.9713882803916931},"size":0.8660253882408142,"orthographic":false}