{"cameraMode":{"drawMode":0,"name":"Shaded","section":"Shading Mode"},"sceneLighting":true,"audioPlay":false,"sceneViewState":{"showFog":true,"showMaterialUpdate":false,"showSkybox":true,"showFlares":true,"showImageEffects":true,"showParticleSystems":true},"in2DMode":false,"pivot":{"x":-22.450000762939454,"y":1.619999885559082,"z":0.25600647926330569},"rotation":{"x":-0.2000657021999359,"y":0.35529008507728579,"z":-0.07778540253639221,"w":-0.9099248647689819},"size":2.1794495582580568,"orthographic":false}