{"cameraMode":{"drawMode":0,"name":"Shaded","section":"Shading Mode"},"sceneLighting":true,"audioPlay":false,"sceneViewState":{"showFog":true,"showMaterialUpdate":false,"showSkybox":true,"showFlares":true,"showImageEffects":true,"showParticleSystems":true},"in2DMode":false,"pivot":{"x":13.598560333251954,"y":4.245962142944336,"z":3.762007713317871},"rotation":{"x":0.07483788579702378,"y":-0.5004059076309204,"z":-0.043551404029130939,"w":-0.8615152835845947},"size":10.742671012878418,"orthographic":false}